Star Name,Star Mass,Star Luminosity,Star Temperature,Star Size,Star Spectral Type,Star Age,Star Rotation,Planet Name,Planet Size,Planet Mass,Planet Composition,Planet Atmosphere,Planet Orbit,Planet Temperature,Planet Moons,Planet Magnetic Field,Planet Rings
JLO21,44.91,607.54,17761,dwarf,F,5.89,44.98,0XSDK,large,1.07,ice,thin,0.024389775376473466,229,5,true,false
JLO21,44.91,607.54,17761,dwarf,F,5.89,44.98,W013D,medium,1.28,rocky,thin,0.6785651680456739,240,7,true,true
JLO21,44.91,607.54,17761,dwarf,F,5.89,44.98,19K99,medium,1.14,ice,dense,0.8240282998022892,-156,2,false,false
JLO21,44.91,607.54,17761,dwarf,F,5.89,44.98,370QX,small,3.96,ice,thin,0.19494936712450062,-116,2,false,true
JLO21,44.91,607.54,17761,dwarf,F,5.89,44.98,XTU8M,large,4.28,gas,moderate,0.393430597666782,-61,4,false,false
JLO21,44.91,607.54,17761,dwarf,F,5.89,44.98,E4K4V,large,4.7,rocky,thin,0.3682968558921311,144,5,false,false
KMJNW,5.07,930.08,24882,supergiant,G,3.06,64.62,P3DXG,medium,3.78,gas,moderate,0.0876902731268101,-80,2,false,false
KMJNW,5.07,930.08,24882,supergiant,G,3.06,64.62,WE3PB,large,3.84,gas,dense,0.06670447797613344,419,5,true,false
KMJNW,5.07,930.08,24882,supergiant,G,3.06,64.62,2ZRI3,small,4.06,rocky,moderate,0.8373032497867559,352,6,false,false
KMJNW,5.07,930.08,24882,supergiant,G,3.06,64.62,91OH5,small,1.1,ice,dense,0.8039840334571722,30,0,false,false
KMJNW,5.07,930.08,24882,supergiant,G,3.06,64.62,BZZD2,medium,4.76,rocky,thin,0.05306659837298011,-38,6,true,false
KMJNW,5.07,930.08,24882,supergiant,G,3.06,64.62,TQPS5,large,4.75,gas,moderate,0.4424840485453676,418,8,true,false
KMJNW,5.07,930.08,24882,supergiant,G,3.06,64.62,132JG,medium,0.38,ice,dense,0.7449412109294042,37,1,true,true
KMJNW,5.07,930.08,24882,supergiant,G,3.06,64.62,F2EP3,small,3.89,rocky,thin,0.45591897533307413,-168,4,true,false
KMJNW,5.07,930.08,24882,supergiant,G,3.06,64.62,QA1K3,large,2.73,gas,dense,0.14976258427283784,-107,10,true,false
DROS1,47.99,721.97,26238,dwarf,B,10.15,9.65,MV509,medium,3.91,ice,thin,0.2413783112237884,406,3,false,true
DROS1,47.99,721.97,26238,dwarf,B,10.15,9.65,Z9QC7,medium,2.09,rocky,moderate,0.8190749657820564,-31,1,false,true
DROS1,47.99,721.97,26238,dwarf,B,10.15,9.65,UDP2I,large,4.02,rocky,moderate,0.021510260823451866,-52,9,true,true
DROS1,47.99,721.97,26238,dwarf,B,10.15,9.65,8GFT1,small,1.63,gas,dense,0.8209009297325982,297,10,false,true
DROS1,47.99,721.97,26238,dwarf,B,10.15,9.65,Z47G6,large,2.7,ice,moderate,0.1892510756752932,-43,7,true,false
DROS1,47.99,721.97,26238,dwarf,B,10.15,9.65,4JS8W,medium,0.09,ice,dense,0.23342625879737122,391,10,false,false
6VPQY,18.37,852.54,42870,dwarf,G,1.45,52.31,HZP7K,medium,2.91,gas,thin,0.019777786257395347,-94,4,false,true
6VPQY,18.37,852.54,42870,dwarf,G,1.45,52.31,G97O5,small,1.27,rocky,thin,0.5303335282056172,-141,4,false,false
6VPQY,18.37,852.54,42870,dwarf,G,1.45,52.31,UOPM5,small,0.28,gas,thin,0.06030298423645686,339,9,true,false
6VPQY,18.37,852.54,42870,dwarf,G,1.45,52.31,9HUV2,small,0.86,gas,dense,0.6186218417406248,-191,4,true,false
6VPQY,18.37,852.54,42870,dwarf,G,1.45,52.31,AJELK,small,3.66,gas,dense,0.6321935789871358,337,6,false,true
6VPQY,18.37,852.54,42870,dwarf,G,1.45,52.31,8JEDW,large,2.75,ice,moderate,0.45277981270915424,-91,6,true,true
6VPQY,18.37,852.54,42870,dwarf,G,1.45,52.31,B9NAL,medium,2.08,gas,dense,0.5478915293352091,175,3,false,true
6VPQY,18.37,852.54,42870,dwarf,G,1.45,52.31,KRU60,large,1.91,gas,dense,0.7235847856972781,-149,0,false,true
6VPQY,18.37,852.54,42870,dwarf,G,1.45,52.31,6WQNZ,small,2.23,rocky,thin,0.36326440345696853,138,5,false,true
6VPQY,18.37,852.54,42870,dwarf,G,1.45,52.31,CJNIP,large,2.4,rocky,dense,0.5809850533512524,378,0,true,true
KFRSW,16.28,374.34,21669,dwarf,F,5.49,0.29,VMCZW,large,1.74,ice,moderate,0.9085808790932455,302,5,false,true
KFRSW,16.28,374.34,21669,dwarf,F,5.49,0.29,Y6EWC,small,2.46,rocky,thin,0.17724203261433225,57,7,true,true
KFRSW,16.28,374.34,21669,dwarf,F,5.49,0.29,Z65OK,small,4.99,rocky,dense,0.7465420595852945,482,9,false,false
RIPD6,13.91,788.53,4559,giant,G,7.59,63.31,J1U5W,large,4.8,ice,thin,0.9586834610668264,379,3,true,false
RIPD6,13.91,788.53,4559,giant,G,7.59,63.31,6PU2N,medium,4.42,gas,thin,0.9112463882581776,-26,2,false,false
44OVB,31.91,635.6,5108,dwarf,F,9.61,95.75,LAK2B,medium,2.32,ice,moderate,0.5541995099607864,-10,3,false,false
44OVB,31.91,635.6,5108,dwarf,F,9.61,95.75,XQH5S,small,3.84,rocky,dense,0.7760804608365823,426,5,true,true
44OVB,31.91,635.6,5108,dwarf,F,9.61,95.75,ORNIA,medium,1.18,ice,dense,0.5693997056447917,218,8,false,true
I49WL,18.45,630.21,7441,medium,B,4.51,15.77,HP1L4,medium,0.42,ice,dense,0.3163116107894359,298,4,false,true
I49WL,18.45,630.21,7441,medium,B,4.51,15.77,99L1Y,large,2.66,gas,moderate,0.7363765424759223,10,2,true,false
I49WL,18.45,630.21,7441,medium,B,4.51,15.77,VKWLB,large,0.61,gas,thin,0.2435069389445983,-178,4,false,false
I49WL,18.45,630.21,7441,medium,B,4.51,15.77,E34NI,small,3.68,gas,dense,0.8748926147490241,-162,0,true,true
I49WL,18.45,630.21,7441,medium,B,4.51,15.77,RFPGH,large,2.38,ice,dense,0.8960712237734756,397,8,false,true
I49WL,18.45,630.21,7441,medium,B,4.51,15.77,RZGR9,large,0.44,ice,thin,0.2735542192887619,30,6,false,false
I49WL,18.45,630.21,7441,medium,B,4.51,15.77,U8OVA,small,2.2,rocky,dense,0.38075019591032655,273,4,true,true
I49WL,18.45,630.21,7441,medium,B,4.51,15.77,ZQVP1,medium,0.66,rocky,moderate,0.03935496086837209,442,8,false,false
I49WL,18.45,630.21,7441,medium,B,4.51,15.77,AS3TR,small,0.96,rocky,dense,0.5011342443617175,-80,10,false,false
1H8IS,10.56,126.36,35355,medium,G,4.09,49.72,PJR18,small,0.37,ice,dense,0.2841220870890049,-78,10,false,true
1H8IS,10.56,126.36,35355,medium,G,4.09,49.72,K8LKN,small,0.67,ice,thin,0.3894377707693819,265,2,false,true
1H8IS,10.56,126.36,35355,medium,G,4.09,49.72,NQ2KM,large,2.92,ice,thin,0.7647690235666365,13,9,false,false
1H8IS,10.56,126.36,35355,medium,G,4.09,49.72,0RB66,medium,0.22,ice,moderate,0.42768435465886,-65,8,true,false
1H8IS,10.56,126.36,35355,medium,G,4.09,49.72,QYPNS,medium,4.05,gas,dense,0.34656912661556394,-72,2,true,false
1H8IS,10.56,126.36,35355,medium,G,4.09,49.72,KAX0T,large,4.25,rocky,dense,0.9399437936878019,295,7,false,false
1H8IS,10.56,126.36,35355,medium,G,4.09,49.72,2E6T0,medium,3.11,gas,thin,0.9394278051408553,195,7,true,false
1H8IS,10.56,126.36,35355,medium,G,4.09,49.72,CGXXY,medium,0.04,gas,thin,0.2613222848420904,78,9,false,false
7TLYQ,26.83,600.02,2848,dwarf,G,8.6,81.71,8PDTD,large,0.7,gas,thin,0.879223444131995,116,10,true,false
7TLYQ,26.83,600.02,2848,dwarf,G,8.6,81.71,Z68KS,medium,3.91,rocky,thin,0.449751368050356,191,0,false,true
7TLYQ,26.83,600.02,2848,dwarf,G,8.6,81.71,CL0W6,large,1.95,gas,dense,0.04642748062330693,434,0,true,false
7TLYQ,26.83,600.02,2848,dwarf,G,8.6,81.71,YCRFU,small,3.61,gas,moderate,0.7226307364413065,461,8,false,true
7TLYQ,26.83,600.02,2848,dwarf,G,8.6,81.71,UUSNA,small,2.27,ice,dense,0.6073768288541153,492,2,false,false
7TLYQ,26.83,600.02,2848,dwarf,G,8.6,81.71,I5ZUJ,medium,2.38,ice,thin,0.8981047423535888,-149,3,true,false
P8Y9V,16.72,367.34,20146,medium,A,1.99,71.12,WPN0A,medium,2.87,ice,dense,0.5721044955364119,-40,0,true,true
P8Y9V,16.72,367.34,20146,medium,A,1.99,71.12,MMRWW,large,4.87,rocky,moderate,0.6991759306567167,-5,1,false,false
UGVDS,7.56,551.7,10846,dwarf,G,0.03,15.88,KZT8W,medium,4.11,rocky,moderate,0.46018182106343475,-112,9,true,false
UGVDS,7.56,551.7,10846,dwarf,G,0.03,15.88,P4R7P,medium,0.41,gas,moderate,0.4359045973740254,411,5,false,false
UGVDS,7.56,551.7,10846,dwarf,G,0.03,15.88,H246W,small,2.24,ice,moderate,0.049876206561696446,135,3,true,false
UGVDS,7.56,551.7,10846,dwarf,G,0.03,15.88,0SCPC,medium,2.67,ice,dense,0.4928087947606319,-70,0,false,true
UGVDS,7.56,551.7,10846,dwarf,G,0.03,15.88,2K8D6,small,4.84,gas,thin,0.13063886012055037,213,1,false,true
UGVDS,7.56,551.7,10846,dwarf,G,0.03,15.88,JT395,medium,2.29,rocky,thin,0.18278204367479933,353,9,true,false
UGVDS,7.56,551.7,10846,dwarf,G,0.03,15.88,9AR01,large,0.99,ice,thin,0.6127242501533592,-90,2,true,true
UGVDS,7.56,551.7,10846,dwarf,G,0.03,15.88,Y3M66,medium,0.52,ice,thin,0.41027890343761086,171,0,false,true
67U1Z,47.11,342.92,6317,medium,O,5.58,63.54,N4NBD,large,2.48,ice,thin,0.9099099821651533,58,1,true,false
67U1Z,47.11,342.92,6317,medium,O,5.58,63.54,4O1CK,small,4.68,ice,thin,0.07536094741881927,-198,6,true,false
67U1Z,47.11,342.92,6317,medium,O,5.58,63.54,HKP9E,medium,1.42,ice,thin,0.47581171757961127,322,4,true,true
67U1Z,47.11,342.92,6317,medium,O,5.58,63.54,OJHN7,medium,0.58,gas,dense,0.08797597217481035,-109,9,true,true
HV8NG,11.22,509.73,22237,medium,B,5.01,94.95,ISLBE,large,2.93,rocky,thin,0.8232054065057124,-11,0,true,false
HV8NG,11.22,509.73,22237,medium,B,5.01,94.95,Y5BXD,medium,4.95,gas,moderate,0.8742516743486386,171,8,true,true
HV8NG,11.22,509.73,22237,medium,B,5.01,94.95,5LWPL,large,0.15,gas,dense,0.5038500083372555,-189,10,true,true
HV8NG,11.22,509.73,22237,medium,B,5.01,94.95,E28ZT,large,4.08,gas,dense,0.18146695360067144,89,5,true,false
HV8NG,11.22,509.73,22237,medium,B,5.01,94.95,AWXSX,small,1.94,gas,thin,0.03142263430363834,-137,4,true,false
HV8NG,11.22,509.73,22237,medium,B,5.01,94.95,41QNT,medium,2.12,ice,dense,0.5839439608397619,25,4,true,false
VXC71,17.11,264.31,17490,medium,M,3.32,99.77,7VHMD,large,3.26,gas,dense,0.15060304226273002,383,8,false,true
VXC71,17.11,264.31,17490,medium,M,3.32,99.77,3JCCN,medium,1.34,gas,dense,0.5529661647244657,375,7,true,false
WDDLQ,25.72,848.98,10610,supergiant,O,4.73,26.59,CV599,small,1.08,rocky,dense,0.3386927209707675,265,4,false,false
WDDLQ,25.72,848.98,10610,supergiant,O,4.73,26.59,3ZM90,medium,1.05,rocky,dense,0.7227226100350552,-197,2,false,true
WDDLQ,25.72,848.98,10610,supergiant,O,4.73,26.59,TMZDX,medium,3.86,rocky,thin,0.8555019133541764,467,0,false,false
JZDV0,33.67,596.12,26568,dwarf,M,12.48,23.03,Z3JJB,small,1.64,rocky,moderate,0.07543378340841644,49,3,true,true
JZDV0,33.67,596.12,26568,dwarf,M,12.48,23.03,H9CQ4,small,1.77,gas,thin,0.8853170785080537,454,10,false,true
JZDV0,33.67,596.12,26568,dwarf,M,12.48,23.03,EAW07,small,2.35,ice,dense,0.9444638792004263,210,6,true,true
JZDV0,33.67,596.12,26568,dwarf,M,12.48,23.03,3OYRL,medium,4.91,gas,thin,0.8382013733070586,113,3,true,true
JZDV0,33.67,596.12,26568,dwarf,M,12.48,23.03,2GUZP,large,3.24,rocky,thin,0.9925544413667093,277,0,true,false
J593F,9.48,419.26,48755,giant,K,12.59,6.86,D46EM,large,4.3,gas,thin,0.8003441775363533,44,3,true,true
J593F,9.48,419.26,48755,giant,K,12.59,6.86,3S2NS,small,1.21,rocky,moderate,0.05988307609519827,299,10,true,true
J593F,9.48,419.26,48755,giant,K,12.59,6.86,Y7RBU,medium,3.46,ice,moderate,0.31744593423330625,154,3,false,true
J593F,9.48,419.26,48755,giant,K,12.59,6.86,WDQQN,large,2.5,gas,moderate,0.48620595805156497,-100,0,false,true
JDOGO,46.11,208.38,29038,giant,K,5.19,20.67,J5UUM,medium,3.88,rocky,dense,0.40690043167976664,190,1,true,true
JDOGO,46.11,208.38,29038,giant,K,5.19,20.67,2Z135,large,3.66,ice,moderate,0.9590254048473443,286,6,true,true
JDOGO,46.11,208.38,29038,giant,K,5.19,20.67,I5WGT,medium,4.65,rocky,dense,0.28375916878091245,-98,3,false,false
JDOGO,46.11,208.38,29038,giant,K,5.19,20.67,E3IOV,medium,1.71,rocky,dense,0.7475463037530463,-54,9,false,true
JDOGO,46.11,208.38,29038,giant,K,5.19,20.67,FCDIR,medium,2.09,rocky,dense,0.7358932317247158,-170,7,true,false
JDOGO,46.11,208.38,29038,giant,K,5.19,20.67,URN5O,small,2.24,rocky,moderate,0.5335068704119028,253,7,false,false
JDOGO,46.11,208.38,29038,giant,K,5.19,20.67,5FITV,medium,0.07,rocky,dense,0.896834591500518,-128,7,true,false
JDOGO,46.11,208.38,29038,giant,K,5.19,20.67,1HJ8L,small,1.59,ice,dense,0.4113419058631922,434,9,true,true
JDOGO,46.11,208.38,29038,giant,K,5.19,20.67,0M6LV,small,1.5,rocky,dense,0.16623430111499227,361,3,false,false
JDOGO,46.11,208.38,29038,giant,K,5.19,20.67,4E8DP,large,3.95,ice,thin,0.6155166174217086,-60,10,true,false
W8J9P,19.06,339.74,44093,medium,O,12.16,84.9,PI53D,medium,0.48,rocky,thin,0.7912096217405495,-98,2,false,true
W8J9P,19.06,339.74,44093,medium,O,12.16,84.9,PR52A,small,3.17,rocky,dense,0.280530985423334,279,9,false,false
P4UX3,13.84,238.01,39917,giant,M,7.65,87.99,EQX3F,large,0.93,ice,moderate,0.8179314389019583,332,3,true,true
P4UX3,13.84,238.01,39917,giant,M,7.65,87.99,3310D,small,3.75,rocky,thin,0.8029690820226754,253,8,true,true
P4UX3,13.84,238.01,39917,giant,M,7.65,87.99,NXAJ3,small,0.21,rocky,dense,0.7303635632539396,247,0,true,true
P4UX3,13.84,238.01,39917,giant,M,7.65,87.99,N7TNI,small,3.86,rocky,thin,0.32608956848030246,46,2,true,true
P4UX3,13.84,238.01,39917,giant,M,7.65,87.99,AXQF5,small,0.52,rocky,moderate,0.7382535155110344,314,4,false,false
EPZI2,26.42,373.98,39466,giant,M,2.69,23.61,A7361,small,2.03,ice,moderate,0.6469529528604427,-139,6,true,true
EPZI2,26.42,373.98,39466,giant,M,2.69,23.61,4A54T,small,2.63,rocky,moderate,0.6928708008407054,287,7,true,true
ZWIO4,9.67,517.16,37450,giant,O,3.99,32.28,6344D,small,3.34,ice,thin,0.1600292052401937,476,10,false,true
4YTXP,12.62,708.35,28602,giant,F,9.41,14.66,2B78D,medium,3.52,gas,moderate,0.3636432294923879,-129,4,false,false
4YTXP,12.62,708.35,28602,giant,F,9.41,14.66,1M6OO,medium,0.08,ice,dense,0.6001670590204875,274,8,false,false
4YTXP,12.62,708.35,28602,giant,F,9.41,14.66,ZJSZN,large,4.48,gas,dense,0.9598866083549744,426,7,false,false
4YTXP,12.62,708.35,28602,giant,F,9.41,14.66,PB3HA,medium,4.76,ice,moderate,0.5616104059616627,-97,0,false,false
4YTXP,12.62,708.35,28602,giant,F,9.41,14.66,XQZK3,medium,3.66,rocky,dense,0.4640156600869316,-151,3,true,false
4YTXP,12.62,708.35,28602,giant,F,9.41,14.66,132H8,small,1.36,rocky,dense,0.8169306281648141,-198,10,false,true
MSTYX,39.46,977.55,8755,supergiant,O,1.66,12.95,RUIPE,medium,3.57,rocky,dense,0.8782689540344306,-140,8,false,true
FKMQJ,38.39,460.31,7086,giant,A,3.46,85.51,EZ4U8,small,0.68,gas,dense,0.864285970232666,-51,10,false,true
FKMQJ,38.39,460.31,7086,giant,A,3.46,85.51,2MSOB,large,3.97,rocky,dense,0.4032164046034852,68,0,true,true
FKMQJ,38.39,460.31,7086,giant,A,3.46,85.51,NG1OJ,medium,1.9,ice,dense,0.875055468551277,104,4,false,false
FKMQJ,38.39,460.31,7086,giant,A,3.46,85.51,RCJ51,medium,0.82,ice,moderate,0.6432089033783792,38,6,true,true
FKMQJ,38.39,460.31,7086,giant,A,3.46,85.51,PYABN,large,3.4,rocky,dense,0.6553506785820729,-23,10,true,true
CSAXC,29.62,331.38,12463,supergiant,M,9.44,19.65,KQNWW,small,1.11,ice,thin,0.704965619301585,125,5,false,false
CSAXC,29.62,331.38,12463,supergiant,M,9.44,19.65,FLBGQ,large,3.31,rocky,dense,0.6906587837133877,-196,10,true,true
KJYID,12.57,281.61,33895,medium,K,4.99,47.16,9SH7G,large,2.38,ice,dense,0.6820058702242422,20,1,true,true
KJYID,12.57,281.61,33895,medium,K,4.99,47.16,KDYFZ,medium,1.53,ice,moderate,0.9290189644896831,-31,4,true,true
IIO3F,14.91,637.18,7263,giant,A,1.69,35.12,UECZW,medium,1.81,rocky,moderate,0.24914955855350263,62,7,false,true
IIO3F,14.91,637.18,7263,giant,A,1.69,35.12,Q0QFV,small,2.36,gas,moderate,0.16053056761738693,158,7,true,true
IIO3F,14.91,637.18,7263,giant,A,1.69,35.12,6AX4R,medium,2.63,ice,thin,0.29805667246416934,353,10,false,true
IIO3F,14.91,637.18,7263,giant,A,1.69,35.12,EGCFP,small,3.57,gas,dense,0.2578872130521692,189,0,true,false
CSN03,32.52,544.31,34068,medium,K,0.44,82.57,GGZMA,small,2.84,ice,moderate,0.40394620140541115,38,1,true,true
CSN03,32.52,544.31,34068,medium,K,0.44,82.57,UW3OR,medium,3.65,rocky,dense,0.38312998571348955,479,0,true,false
706Q8,7.06,7.08,47708,giant,K,5.7,96.01,KZVHJ,small,4.07,rocky,thin,0.6282172392712084,6,7,false,true
706Q8,7.06,7.08,47708,giant,K,5.7,96.01,FTOPT,medium,4.24,ice,thin,0.6824083943940422,-50,7,false,true
706Q8,7.06,7.08,47708,giant,K,5.7,96.01,3AC33,medium,2.68,gas,dense,0.901909956512867,175,3,false,true
F4XM3,21.93,141.67,6500,medium,O,0.18,55.24,Z4DR5,small,0.69,ice,thin,0.22809058396084958,274,6,true,false
F4XM3,21.93,141.67,6500,medium,O,0.18,55.24,B43TU,small,3,gas,dense,0.0773109005903232,381,0,false,false
F4XM3,21.93,141.67,6500,medium,O,0.18,55.24,SDGG7,small,2.12,ice,dense,0.5496820112765126,24,6,false,true
F4XM3,21.93,141.67,6500,medium,O,0.18,55.24,6ENV3,small,2.6,gas,moderate,0.24647947953646288,-115,5,true,true
F4XM3,21.93,141.67,6500,medium,O,0.18,55.24,P3YIH,small,0.26,gas,thin,0.15732829027873807,-146,1,true,true
F4XM3,21.93,141.67,6500,medium,O,0.18,55.24,YX7FA,medium,1.22,rocky,dense,0.6894161660153746,-2,5,false,true
F4XM3,21.93,141.67,6500,medium,O,0.18,55.24,E7IDN,small,0.31,rocky,moderate,0.32577019261661566,80,6,true,true
PEG9M,40.84,291.43,36332,medium,O,3.32,31.21,Q6W4W,medium,3.72,gas,dense,0.3021664154689401,239,3,true,false
PEG9M,40.84,291.43,36332,medium,O,3.32,31.21,GLW0B,small,4.17,rocky,moderate,0.38127527078371215,194,6,true,false
PEG9M,40.84,291.43,36332,medium,O,3.32,31.21,VKA7Z,large,1.58,gas,dense,0.8986703561783485,317,0,false,true
PEG9M,40.84,291.43,36332,medium,O,3.32,31.21,5CO8S,medium,1.35,gas,moderate,0.33942306908760145,493,5,false,false
PEG9M,40.84,291.43,36332,medium,O,3.32,31.21,VQP5F,large,4.49,ice,thin,0.3819638674071997,14,0,false,false
PEG9M,40.84,291.43,36332,medium,O,3.32,31.21,LNS0E,small,2.29,ice,dense,0.23654417199881195,26,5,false,false
PEG9M,40.84,291.43,36332,medium,O,3.32,31.21,O1N5I,medium,4.45,ice,moderate,0.00773802010672453,-176,9,false,true
PEG9M,40.84,291.43,36332,medium,O,3.32,31.21,HGYUX,medium,4.4,ice,dense,0.610249560081424,376,3,true,false
RCT53,0.46,246.86,18175,supergiant,F,13.67,47.84,VA6QY,small,4.85,gas,moderate,0.5527592882816488,38,0,true,true
RCT53,0.46,246.86,18175,supergiant,F,13.67,47.84,OJ1LH,small,0.6,gas,dense,0.18583329946860383,-160,2,true,false
RCT53,0.46,246.86,18175,supergiant,F,13.67,47.84,CJQX5,medium,0.99,ice,thin,0.9986003038810303,169,4,false,true
RCT53,0.46,246.86,18175,supergiant,F,13.67,47.84,TBWXX,large,0.72,rocky,moderate,0.6235310808019594,-181,2,true,false
PRI1V,20.28,855.69,42659,dwarf,M,7.28,44,X5C2O,small,2.06,rocky,dense,0.9808074842450938,282,10,true,false
PRI1V,20.28,855.69,42659,dwarf,M,7.28,44,M5WXS,small,0.9,rocky,thin,0.8058425691050526,-118,10,true,true
PRI1V,20.28,855.69,42659,dwarf,M,7.28,44,H0W4R,medium,0.65,ice,dense,0.21802781914107316,-102,5,true,false
PRI1V,20.28,855.69,42659,dwarf,M,7.28,44,D2J7Q,medium,1.66,ice,thin,0.9783812208485438,278,0,true,true
V4N4X,9.08,109.93,48107,supergiant,A,11.04,81.92,3L2T1,medium,1.3,rocky,moderate,0.24732591262594839,469,7,false,false
TDOWC,24.96,302.16,20623,supergiant,B,6.14,97.65,UJML2,medium,0.59,ice,thin,0.6818115663719819,105,5,false,false
TDOWC,24.96,302.16,20623,supergiant,B,6.14,97.65,8WNFP,medium,1.99,gas,moderate,0.948641538885975,479,1,false,true
TDOWC,24.96,302.16,20623,supergiant,B,6.14,97.65,J2R8C,medium,0.2,rocky,thin,0.9200821220165618,345,7,true,false
TDOWC,24.96,302.16,20623,supergiant,B,6.14,97.65,H0U94,large,4.11,rocky,dense,0.2767185297665673,-1,6,false,true
TDOWC,24.96,302.16,20623,supergiant,B,6.14,97.65,7ZSNT,large,1.79,rocky,dense,0.5292642997311963,-58,2,false,false
TDOWC,24.96,302.16,20623,supergiant,B,6.14,97.65,N5GCT,large,3.64,rocky,thin,0.028772198021026485,-60,0,true,true
TDOWC,24.96,302.16,20623,supergiant,B,6.14,97.65,IO0DO,large,4.4,ice,moderate,0.09026302144848053,327,3,true,true
TDOWC,24.96,302.16,20623,supergiant,B,6.14,97.65,DPTMO,medium,3.24,gas,thin,0.202644853324492,121,0,true,true
RC598,5.8,764.11,19233,medium,M,11.99,62.2,DRDQ2,small,4.66,rocky,thin,0.5577410785715593,-181,2,false,false
RC598,5.8,764.11,19233,medium,M,11.99,62.2,M2L8U,medium,3.6,rocky,moderate,0.1256790677780264,362,1,true,true
UMD26,5.56,223.05,40346,giant,F,11.65,68.7,R3Y2T,medium,0.14,rocky,dense,0.1580574868976914,309,1,true,true
UMD26,5.56,223.05,40346,giant,F,11.65,68.7,4E60M,medium,2.63,ice,thin,0.835651595008504,319,3,true,true
45PGI,40.55,713.24,10114,medium,G,1.37,10.04,AJC5A,medium,4.33,rocky,dense,0.19388248215121795,450,8,true,false
45PGI,40.55,713.24,10114,medium,G,1.37,10.04,G76ZT,large,0.07,gas,dense,0.6283580418301757,67,5,true,false
45PGI,40.55,713.24,10114,medium,G,1.37,10.04,RL1X2,medium,3.46,gas,thin,0.04130522113840018,306,2,true,true
45PGI,40.55,713.24,10114,medium,G,1.37,10.04,UCLRT,small,2.29,ice,moderate,0.9330300204298343,37,10,false,true
45PGI,40.55,713.24,10114,medium,G,1.37,10.04,A9LHL,medium,4.29,gas,dense,0.06362351646559028,313,7,false,true
45PGI,40.55,713.24,10114,medium,G,1.37,10.04,P7K99,large,4.34,gas,dense,0.45372551694757957,128,9,true,true
45PGI,40.55,713.24,10114,medium,G,1.37,10.04,R68YU,medium,3.17,rocky,thin,0.023923360451160836,389,3,false,true
OTBJD,18.77,594.82,49473,dwarf,G,6.81,31.9,5SAND,medium,4.48,gas,dense,0.12596851658289943,430,3,true,true
ZXCLX,0.34,215.87,33133,dwarf,M,6.74,12.31,VHYF8,large,2.9,rocky,dense,0.3966903759756055,461,2,true,false
ZXCLX,0.34,215.87,33133,dwarf,M,6.74,12.31,HPF5Q,large,3.8,rocky,moderate,0.5076571987280476,384,5,true,true
ZXCLX,0.34,215.87,33133,dwarf,M,6.74,12.31,ACP8F,small,3.49,ice,moderate,0.7753137248147706,457,1,false,true
TXMF3,0.38,384.62,47469,giant,O,10.6,14.33,A16TR,small,3.86,rocky,moderate,0.02876871523651503,385,0,false,false
TXMF3,0.38,384.62,47469,giant,O,10.6,14.33,W72EM,small,4.31,gas,thin,0.7704995575679112,-12,6,true,false
TXMF3,0.38,384.62,47469,giant,O,10.6,14.33,SQ7SY,small,0.52,rocky,dense,0.687348811828542,-36,1,true,true
TXMF3,0.38,384.62,47469,giant,O,10.6,14.33,WJH3K,medium,1.59,ice,moderate,0.35375017835434286,287,4,true,false
TXMF3,0.38,384.62,47469,giant,O,10.6,14.33,R050H,medium,2.62,rocky,moderate,0.4385302500977559,417,7,true,true
TXMF3,0.38,384.62,47469,giant,O,10.6,14.33,L8F4Q,medium,2.73,ice,moderate,0.5714378853711035,191,1,false,false
WDZUF,35.62,6.37,27398,dwarf,G,1.08,55,GDYL3,medium,4.7,gas,moderate,0.08524067526950274,-149,6,true,true
WDZUF,35.62,6.37,27398,dwarf,G,1.08,55,4SBTD,small,2.08,ice,thin,0.01906556892357858,46,2,false,true
WDZUF,35.62,6.37,27398,dwarf,G,1.08,55,GS2Y4,small,2.79,ice,moderate,0.4650013036676377,453,8,false,true
VNGRP,3.25,860.32,8327,dwarf,M,7.56,79.34,6V37Q,medium,1.42,gas,thin,0.05975509709898752,-194,7,true,false
VNGRP,3.25,860.32,8327,dwarf,M,7.56,79.34,CHFF2,large,2.28,rocky,moderate,0.7440356017156726,169,2,true,true
9Y237,48.91,33.28,18134,dwarf,G,3.74,48.87,3CQAY,large,0.03,rocky,dense,0.2157580025380157,-94,9,false,true
V4AAC,9.48,356.47,38424,giant,B,11.92,12.57,92YI7,small,4.68,gas,dense,0.9611126471802314,458,9,false,true
FT1DU,18.34,864.66,31189,dwarf,G,4.38,57.21,G64UL,medium,0.29,ice,moderate,0.037816171315968594,-125,1,true,true
FT1DU,18.34,864.66,31189,dwarf,G,4.38,57.21,HR4V9,small,3.06,rocky,moderate,0.5677827741244492,96,0,true,false
FT1DU,18.34,864.66,31189,dwarf,G,4.38,57.21,YEZVY,medium,1.04,rocky,thin,0.21040544536909933,130,10,false,true
FT1DU,18.34,864.66,31189,dwarf,G,4.38,57.21,F0NP3,small,1.62,gas,thin,0.5758685666827656,-145,0,false,true
FT1DU,18.34,864.66,31189,dwarf,G,4.38,57.21,6EEHZ,small,3.37,ice,thin,0.0973241970461618,439,10,false,false
FT1DU,18.34,864.66,31189,dwarf,G,4.38,57.21,KXNMZ,small,0.17,ice,thin,0.7110069707710887,293,8,false,true
TZO45,3.37,603.87,35353,giant,O,8.29,44.64,6N3PT,medium,4.68,ice,moderate,0.7793769621880318,321,4,true,true
TZO45,3.37,603.87,35353,giant,O,8.29,44.64,QNH9H,small,2.81,rocky,thin,0.43308757132434006,-1,6,true,false
TZO45,3.37,603.87,35353,giant,O,8.29,44.64,XL78X,medium,3.37,ice,dense,0.6223119226206124,-173,6,true,true
TZO45,3.37,603.87,35353,giant,O,8.29,44.64,ME20D,small,0.99,gas,thin,0.40144793579200155,0,10,false,false
TZO45,3.37,603.87,35353,giant,O,8.29,44.64,XOHNV,large,2.36,gas,thin,0.785579193414754,61,2,false,true
TZO45,3.37,603.87,35353,giant,O,8.29,44.64,7LGC1,large,2.95,rocky,moderate,0.41934171121687536,484,8,true,true
TZO45,3.37,603.87,35353,giant,O,8.29,44.64,3LE7M,large,2.31,gas,dense,0.9108288319521567,360,2,true,true
TZO45,3.37,603.87,35353,giant,O,8.29,44.64,YNU1W,small,1.27,rocky,thin,0.5425198214344491,461,2,true,false
LVYH2,14.28,903.1,46515,dwarf,M,7.29,29.36,WU8O3,small,1.78,rocky,dense,0.44924484603184855,282,1,false,false
LVYH2,14.28,903.1,46515,dwarf,M,7.29,29.36,5OT42,small,2.95,ice,dense,0.1424700837261208,377,2,false,false
LVYH2,14.28,903.1,46515,dwarf,M,7.29,29.36,8393E,small,2.66,rocky,thin,0.4058373635890544,129,4,true,true
LVYH2,14.28,903.1,46515,dwarf,M,7.29,29.36,5GTIC,small,3.11,rocky,moderate,0.5892329250988144,63,3,false,true
1KY0O,11.05,177.26,38797,medium,F,9.35,90.63,M4YS4,small,1.19,gas,dense,0.5326786276686937,198,9,true,false
1KY0O,11.05,177.26,38797,medium,F,9.35,90.63,JEQ6F,medium,4.16,gas,moderate,0.028425401149369645,301,10,true,true
1KY0O,11.05,177.26,38797,medium,F,9.35,90.63,LZYKR,large,1.85,ice,moderate,0.5323131643213177,46,9,false,false
1KY0O,11.05,177.26,38797,medium,F,9.35,90.63,JACJ2,large,4.25,ice,dense,0.6435219288216631,463,7,true,true
1KY0O,11.05,177.26,38797,medium,F,9.35,90.63,2BODE,small,4.5,ice,moderate,0.11840713249165669,379,6,true,false
1KY0O,11.05,177.26,38797,medium,F,9.35,90.63,EVJIE,small,0.02,ice,dense,0.06929238898719858,-70,3,true,true
1KY0O,11.05,177.26,38797,medium,F,9.35,90.63,VS0V6,small,2.33,rocky,dense,0.587467137219668,213,9,true,true
S3XJE,8.29,990.39,20227,medium,M,12.58,44.85,EK22L,medium,2.1,gas,moderate,0.4866271696722051,266,0,true,true
S3XJE,8.29,990.39,20227,medium,M,12.58,44.85,4RGG2,large,1.28,gas,thin,0.2362599373718537,-33,8,false,true
S3XJE,8.29,990.39,20227,medium,M,12.58,44.85,ZO66L,large,3.57,gas,dense,0.6091407885015545,251,7,false,true
S3XJE,8.29,990.39,20227,medium,M,12.58,44.85,HRYZU,small,4.44,gas,dense,0.9348260477349939,474,3,true,false
S3XJE,8.29,990.39,20227,medium,M,12.58,44.85,HEV4H,small,3.35,ice,dense,0.5101842878574192,460,9,true,false
B7SE6,47.64,461.39,3849,medium,O,8.64,64.13,D1YA1,large,3.58,gas,dense,0.08416051328386476,138,7,false,false
B7SE6,47.64,461.39,3849,medium,O,8.64,64.13,QWLP5,large,4.44,gas,dense,0.03050193183134997,74,0,false,true
B7SE6,47.64,461.39,3849,medium,O,8.64,64.13,63CXR,medium,2.05,ice,dense,0.06474229036012336,191,10,false,false
B7SE6,47.64,461.39,3849,medium,O,8.64,64.13,4R5N2,medium,3.27,ice,dense,0.4285639659933711,-155,9,false,true
B7SE6,47.64,461.39,3849,medium,O,8.64,64.13,QD158,small,1.37,ice,dense,0.12920686049803098,4,9,true,false
B7SE6,47.64,461.39,3849,medium,O,8.64,64.13,SR8S9,small,4.77,rocky,moderate,0.7210159266514222,-192,0,true,true
8RDMP,39.93,232.36,20436,dwarf,F,7.55,66.64,WCK2E,medium,4.73,gas,moderate,0.7706289789018039,281,3,true,true
8RDMP,39.93,232.36,20436,dwarf,F,7.55,66.64,W6W0J,medium,1.85,gas,moderate,0.4051645188455937,-191,7,true,false
8RDMP,39.93,232.36,20436,dwarf,F,7.55,66.64,GHZRG,small,2.36,gas,moderate,0.25613534779823444,306,3,true,true
8RDMP,39.93,232.36,20436,dwarf,F,7.55,66.64,ACVE9,large,3.02,gas,dense,0.7411327582308718,-171,6,true,true
8RDMP,39.93,232.36,20436,dwarf,F,7.55,66.64,9FDE5,small,1.98,ice,moderate,0.6697652730532855,212,6,true,true
8RDMP,39.93,232.36,20436,dwarf,F,7.55,66.64,6VA94,medium,3.28,ice,thin,0.4500052876209195,153,3,false,false
8RDMP,39.93,232.36,20436,dwarf,F,7.55,66.64,QT5JZ,large,0.02,gas,dense,0.4009522146492548,182,4,false,false
8RDMP,39.93,232.36,20436,dwarf,F,7.55,66.64,UUU79,large,1.12,ice,dense,0.8696036930566813,80,7,false,false
8RDMP,39.93,232.36,20436,dwarf,F,7.55,66.64,S2DT1,small,4.83,rocky,moderate,0.5213852119695921,187,9,true,false
QD1SV,29.39,490.82,25354,supergiant,B,0.83,19.33,XW160,large,0.93,rocky,thin,0.12448308078712933,389,0,true,false
QD1SV,29.39,490.82,25354,supergiant,B,0.83,19.33,26F2E,small,1.65,ice,dense,0.6313190534211413,108,9,false,false
QD1SV,29.39,490.82,25354,supergiant,B,0.83,19.33,W2ORY,small,1.17,ice,thin,0.0897774138935461,488,3,false,false
QD1SV,29.39,490.82,25354,supergiant,B,0.83,19.33,IB97K,large,3.59,ice,moderate,0.33243864734621176,-3,3,false,true
QD1SV,29.39,490.82,25354,supergiant,B,0.83,19.33,DOHF0,small,3.27,rocky,thin,0.6664196324502905,98,3,true,true
QD1SV,29.39,490.82,25354,supergiant,B,0.83,19.33,3T4VO,medium,2.02,rocky,dense,0.37274282310209106,-164,3,false,true
QD1SV,29.39,490.82,25354,supergiant,B,0.83,19.33,4R1ZD,small,3.19,gas,moderate,0.8449445634424044,111,3,false,true
QD1SV,29.39,490.82,25354,supergiant,B,0.83,19.33,NLBSB,medium,3.08,ice,moderate,0.6703514222604978,274,6,false,false
QD1SV,29.39,490.82,25354,supergiant,B,0.83,19.33,BR6FO,medium,2.43,rocky,moderate,0.452337774224002,367,3,true,true
QD1SV,29.39,490.82,25354,supergiant,B,0.83,19.33,ZFL3X,large,3.76,rocky,moderate,0.9302813430222916,-185,0,false,true
V9GU7,31.56,250,41083,supergiant,B,0.83,17.48,YRUXG,medium,0.31,ice,moderate,0.8362315731743739,-24,2,false,false
V9GU7,31.56,250,41083,supergiant,B,0.83,17.48,XKW7T,large,4.5,gas,moderate,0.10176010818523551,135,8,false,true
MKYHE,1.39,415.97,20706,giant,G,12.23,30.66,9KPVK,small,4.88,ice,dense,0.7118036287239033,91,9,false,true
MKYHE,1.39,415.97,20706,giant,G,12.23,30.66,I3SAY,medium,1.75,gas,moderate,0.3549322247510798,256,5,true,false
MKYHE,1.39,415.97,20706,giant,G,12.23,30.66,AI6OZ,medium,4.33,ice,moderate,0.9024667821249832,488,10,true,true
MKYHE,1.39,415.97,20706,giant,G,12.23,30.66,O83YX,small,1.94,rocky,dense,0.7030427343168855,87,7,false,true
MKYHE,1.39,415.97,20706,giant,G,12.23,30.66,SAR4T,medium,3.46,ice,dense,0.027225072822529173,464,1,false,false
762XO,0.72,323.97,11247,dwarf,B,7.12,54.18,DDSPM,large,1.2,rocky,moderate,0.025651592917047994,283,4,true,true
US5YT,49.31,954.07,27836,giant,M,4.7,32.82,KEGMR,small,4.56,ice,thin,0.737783897330434,-110,5,false,false
US5YT,49.31,954.07,27836,giant,M,4.7,32.82,J1LXZ,large,3.63,ice,thin,0.020377091525776603,394,10,true,false
4D616,29.21,658.25,15197,supergiant,O,7.44,7.96,HSMNK,large,3.89,rocky,thin,0.4674677318590319,169,9,true,false
4D616,29.21,658.25,15197,supergiant,O,7.44,7.96,YIW1M,medium,1.25,ice,moderate,0.9117006708582516,439,3,false,false
4D616,29.21,658.25,15197,supergiant,O,7.44,7.96,U6NE4,large,3.32,ice,moderate,0.6115760252991709,135,8,false,true
4D616,29.21,658.25,15197,supergiant,O,7.44,7.96,R52V1,medium,2.66,ice,moderate,0.3336615177058815,253,7,false,true
4D616,29.21,658.25,15197,supergiant,O,7.44,7.96,8DDA2,small,4.4,rocky,thin,0.4654197432999183,462,8,true,false
4D616,29.21,658.25,15197,supergiant,O,7.44,7.96,2C8O2,medium,3.34,ice,thin,0.9306921159879606,458,4,false,true
4D616,29.21,658.25,15197,supergiant,O,7.44,7.96,2CJKO,medium,3.09,gas,moderate,0.5303083213846176,447,9,false,true
4D616,29.21,658.25,15197,supergiant,O,7.44,7.96,DE2A7,small,1.72,rocky,thin,0.7420435256032842,-50,3,true,true
4D616,29.21,658.25,15197,supergiant,O,7.44,7.96,C11MB,large,0.25,rocky,moderate,0.9054605975161654,304,0,true,true
LJTGC,15.92,3.2,5007,supergiant,O,6.12,6.16,WV28B,large,0.38,rocky,thin,0.322760674472792,-43,8,false,true
LJTGC,15.92,3.2,5007,supergiant,O,6.12,6.16,UP999,medium,1.3,rocky,dense,0.9429968390369357,59,0,true,false
LJTGC,15.92,3.2,5007,supergiant,O,6.12,6.16,VIYYH,small,2.54,ice,dense,0.6162376148387421,416,1,false,true
LJTGC,15.92,3.2,5007,supergiant,O,6.12,6.16,867L6,medium,1.33,gas,thin,0.20722154187906439,68,6,true,true
LJTGC,15.92,3.2,5007,supergiant,O,6.12,6.16,29MLL,small,3.16,gas,thin,0.3548341325838851,81,5,false,true
LJTGC,15.92,3.2,5007,supergiant,O,6.12,6.16,90UZ9,small,1.81,ice,dense,0.34742737413572833,433,8,false,true
LJTGC,15.92,3.2,5007,supergiant,O,6.12,6.16,2I4VV,large,3.35,gas,thin,0.7671130516575693,-172,7,false,true
LJTGC,15.92,3.2,5007,supergiant,O,6.12,6.16,BPE7H,medium,1.07,gas,dense,0.98553659003637,-93,7,true,false
LJTGC,15.92,3.2,5007,supergiant,O,6.12,6.16,727CK,small,1.23,gas,thin,0.5146554573510513,-24,6,true,false
1UHO5,25.48,17.45,30476,medium,O,13.1,67.37,P6JZN,medium,2.91,gas,dense,0.834292584665774,-72,4,false,false
1UHO5,25.48,17.45,30476,medium,O,13.1,67.37,UIRMA,large,0.32,ice,thin,0.14093940072744804,85,0,false,true
1UHO5,25.48,17.45,30476,medium,O,13.1,67.37,PH134,large,3.01,ice,thin,0.19586774298196286,145,2,true,false
1UHO5,25.48,17.45,30476,medium,O,13.1,67.37,HQVXS,medium,1.33,gas,thin,0.9839273170780021,-23,6,false,true
1UHO5,25.48,17.45,30476,medium,O,13.1,67.37,OI5XP,large,2.67,rocky,moderate,0.9614599498495464,63,9,false,false
1UHO5,25.48,17.45,30476,medium,O,13.1,67.37,4W2C0,small,0.54,rocky,dense,0.31153945844976394,13,9,false,true
OY06W,46.93,957.68,41640,medium,O,5.89,53.18,NJEKQ,small,0.97,rocky,moderate,0.24189761860798642,-156,5,true,false
OY06W,46.93,957.68,41640,medium,O,5.89,53.18,NW5Z0,large,0.3,rocky,thin,0.4624619425270322,26,10,true,false
OY06W,46.93,957.68,41640,medium,O,5.89,53.18,4GQP3,large,1.94,gas,thin,0.1364829757721795,-52,8,false,false
OY06W,46.93,957.68,41640,medium,O,5.89,53.18,MSAPR,medium,1.89,gas,moderate,0.8764898427672931,344,2,false,false
OY06W,46.93,957.68,41640,medium,O,5.89,53.18,KLY2U,small,3.14,ice,moderate,0.9852533319931898,-114,0,false,false
M2RIR,39.04,845.73,21985,giant,M,7.22,95.76,3USX4,large,4.66,ice,dense,0.4900345638327863,-192,9,true,true
M2RIR,39.04,845.73,21985,giant,M,7.22,95.76,LB74Q,medium,0.1,rocky,moderate,0.02609177944604446,65,8,false,true
M2RIR,39.04,845.73,21985,giant,M,7.22,95.76,HF6C3,small,1.08,rocky,dense,0.7009330556374249,213,0,true,true
M2RIR,39.04,845.73,21985,giant,M,7.22,95.76,WJUHU,medium,1.77,ice,dense,0.5247248391652184,-109,10,false,true
M2RIR,39.04,845.73,21985,giant,M,7.22,95.76,YNPLT,medium,4.72,ice,dense,0.8323639140933208,123,8,true,false
M2RIR,39.04,845.73,21985,giant,M,7.22,95.76,FHZ9S,medium,0.43,gas,moderate,0.05147237887917022,338,8,false,true
M2RIR,39.04,845.73,21985,giant,M,7.22,95.76,RQ2YZ,medium,0.13,rocky,thin,0.552991893591817,307,2,true,false
M2RIR,39.04,845.73,21985,giant,M,7.22,95.76,L6OYV,medium,2.55,rocky,moderate,0.5677432089400547,-124,6,true,true
M2RIR,39.04,845.73,21985,giant,M,7.22,95.76,CJWVE,medium,0.59,rocky,thin,0.5560989404569561,282,7,true,true
GK7TG,16.48,395.54,28671,supergiant,G,8.39,78.94,CTU88,medium,1.02,gas,thin,0.48205559115878605,465,4,true,true
GK7TG,16.48,395.54,28671,supergiant,G,8.39,78.94,27LKF,medium,2.35,gas,dense,0.684214502225263,24,6,true,false
GK7TG,16.48,395.54,28671,supergiant,G,8.39,78.94,QAP9W,medium,1.08,rocky,moderate,0.4058006827826195,203,4,true,true
GK7TG,16.48,395.54,28671,supergiant,G,8.39,78.94,J8NDZ,medium,2.37,ice,dense,0.9112108320461214,-191,6,false,false
PE6U1,12.76,597.9,32630,giant,M,11.74,23.73,JGTMN,small,4.12,gas,dense,0.6430832654406449,-89,8,true,true
PE6U1,12.76,597.9,32630,giant,M,11.74,23.73,WQ2A4,small,4.83,ice,moderate,0.47884910301359973,488,7,true,false
PE6U1,12.76,597.9,32630,giant,M,11.74,23.73,Q9ECX,large,3.92,rocky,dense,0.89425777678778,417,7,false,false
PE6U1,12.76,597.9,32630,giant,M,11.74,23.73,330J5,small,2.75,rocky,moderate,0.6016846979455168,108,6,false,false
PE6U1,12.76,597.9,32630,giant,M,11.74,23.73,6B00A,small,4.78,gas,dense,0.19439826916779523,-2,1,true,true
PE6U1,12.76,597.9,32630,giant,M,11.74,23.73,07EJN,small,4.04,rocky,moderate,0.3074487998058675,-110,5,true,true
PJEW9,16.13,484.07,35503,supergiant,O,5.47,67.16,J0IZT,small,0.7,rocky,dense,0.09969787646637074,348,8,false,true
2ASDU,46.84,616.4,21719,giant,K,6.14,38.36,BYIT3,small,3.65,ice,dense,0.2143436302614008,-9,6,true,false
2ASDU,46.84,616.4,21719,giant,K,6.14,38.36,40R7W,small,3.57,gas,thin,0.9217296818886744,249,2,true,false
2ASDU,46.84,616.4,21719,giant,K,6.14,38.36,N015M,small,3.55,gas,moderate,0.2525608665490129,376,6,true,true
2ASDU,46.84,616.4,21719,giant,K,6.14,38.36,7JT1D,small,4.53,ice,dense,0.8185053257190642,271,8,true,false
2ASDU,46.84,616.4,21719,giant,K,6.14,38.36,XKSL4,large,2.58,gas,thin,0.4708804303140346,-70,9,true,false
2ASDU,46.84,616.4,21719,giant,K,6.14,38.36,YVCUG,large,2.08,rocky,moderate,0.11542668024951541,147,10,false,false
2ASDU,46.84,616.4,21719,giant,K,6.14,38.36,6HIMU,small,2.37,ice,moderate,0.09463370752828348,379,6,true,false
2ASDU,46.84,616.4,21719,giant,K,6.14,38.36,GTBFJ,medium,3.19,rocky,dense,0.9227715651032786,-44,5,true,true
37EI5,12.91,390.37,40569,giant,O,1.81,88.12,QASUH,large,2.03,ice,moderate,0.09033690947651052,81,8,true,true
37EI5,12.91,390.37,40569,giant,O,1.81,88.12,FOZUA,small,4.34,gas,dense,0.2661584124172687,-6,7,true,false
37EI5,12.91,390.37,40569,giant,O,1.81,88.12,A0GJ8,large,3.45,gas,moderate,0.047302687594620973,-30,3,true,true
37EI5,12.91,390.37,40569,giant,O,1.81,88.12,PABB5,large,3.94,gas,dense,0.8489761585483215,424,8,false,true
37EI5,12.91,390.37,40569,giant,O,1.81,88.12,SQLVL,medium,2.94,ice,dense,0.9727788658726448,262,0,false,true
37EI5,12.91,390.37,40569,giant,O,1.81,88.12,WI2RF,medium,3.76,ice,thin,0.23820607807958893,24,9,true,true
37EI5,12.91,390.37,40569,giant,O,1.81,88.12,AX8SA,large,3.79,rocky,moderate,0.9440250881672183,105,0,true,true
37EI5,12.91,390.37,40569,giant,O,1.81,88.12,O456A,small,3.88,ice,thin,0.5533982650180813,-195,4,true,true
37EI5,12.91,390.37,40569,giant,O,1.81,88.12,2BSEX,small,2.56,rocky,dense,0.849239441144479,212,0,false,true
MQ4DU,22.75,944.42,23582,medium,M,2.09,56.25,WL8E4,small,2.15,gas,dense,0.7150351271209929,141,4,false,true
MQ4DU,22.75,944.42,23582,medium,M,2.09,56.25,ORZYX,small,3.98,ice,moderate,0.6968633697135607,259,8,true,true
MQ4DU,22.75,944.42,23582,medium,M,2.09,56.25,Q3BKX,small,1.27,gas,thin,0.4243561341061157,118,5,false,false
MQ4DU,22.75,944.42,23582,medium,M,2.09,56.25,4VTT7,medium,1.54,gas,thin,0.7380323243682276,361,5,true,true
MQ4DU,22.75,944.42,23582,medium,M,2.09,56.25,E5JHF,large,3.61,ice,dense,0.4553395530318374,36,1,false,false
MQ4DU,22.75,944.42,23582,medium,M,2.09,56.25,63BSH,large,1.86,ice,moderate,0.5197984675123009,172,8,false,false
FVCLK,45.29,287.35,22156,dwarf,K,0.29,27.36,NRK0W,medium,1.43,ice,thin,0.8861409174178454,450,6,true,false
FVCLK,45.29,287.35,22156,dwarf,K,0.29,27.36,1VICO,medium,1.24,rocky,dense,0.5648581782805655,202,4,false,true
FVCLK,45.29,287.35,22156,dwarf,K,0.29,27.36,WFWWV,medium,0.19,rocky,thin,0.9083778974298351,289,5,true,false
FVCLK,45.29,287.35,22156,dwarf,K,0.29,27.36,5P8ID,small,0.59,rocky,thin,0.2842062381996575,-125,3,true,false
FVCLK,45.29,287.35,22156,dwarf,K,0.29,27.36,FEDR5,medium,0.84,gas,dense,0.8122869116809321,90,3,false,true
9SISM,15.73,301.71,14143,dwarf,G,1.14,24.03,I5R0M,small,1.82,ice,dense,0.2893912156787293,57,10,true,true
9SISM,15.73,301.71,14143,dwarf,G,1.14,24.03,R6XQ9,large,4.17,ice,thin,0.149725599067974,225,4,false,true
9SISM,15.73,301.71,14143,dwarf,G,1.14,24.03,EZWGQ,large,2.92,rocky,thin,0.3092702290334768,283,6,false,true
9SISM,15.73,301.71,14143,dwarf,G,1.14,24.03,T4L3D,large,2.04,ice,thin,0.2193505969948535,-70,7,false,false
9SISM,15.73,301.71,14143,dwarf,G,1.14,24.03,UWDLX,small,0.24,ice,thin,0.40200942966963793,122,2,false,false
9SISM,15.73,301.71,14143,dwarf,G,1.14,24.03,RUNP7,large,2.47,gas,thin,0.5454269468995789,-180,9,false,true
CD1XZ,42.47,10.19,20992,supergiant,A,5.44,88.11,6N6S0,small,4.98,ice,dense,0.693497760702886,-163,0,true,true
CD1XZ,42.47,10.19,20992,supergiant,A,5.44,88.11,8YP7P,small,2.9,rocky,thin,0.5803663113791169,368,4,false,false
K57GW,12.96,989.28,36863,dwarf,A,11.45,61.75,ZFBWX,large,3.31,gas,moderate,0.8048701806395728,314,5,false,true
K57GW,12.96,989.28,36863,dwarf,A,11.45,61.75,6T9NW,small,0.17,gas,thin,0.7231475915225212,324,6,true,true
K57GW,12.96,989.28,36863,dwarf,A,11.45,61.75,FVL7P,large,3.46,gas,thin,0.1401202856849817,141,3,true,true
K57GW,12.96,989.28,36863,dwarf,A,11.45,61.75,OMSR1,large,3.28,gas,moderate,0.8498151742728002,192,9,false,true
K57GW,12.96,989.28,36863,dwarf,A,11.45,61.75,3AMRD,small,2.31,rocky,thin,0.1726545780593134,415,8,false,true
K57GW,12.96,989.28,36863,dwarf,A,11.45,61.75,A9S6W,medium,3.33,ice,thin,0.16903400182335893,-40,8,true,true
K57GW,12.96,989.28,36863,dwarf,A,11.45,61.75,PFYR9,medium,4.54,gas,dense,0.634842571593975,49,2,false,false
K57GW,12.96,989.28,36863,dwarf,A,11.45,61.75,VGEZT,medium,4.24,ice,thin,0.12401136557815251,334,7,true,false
K57GW,12.96,989.28,36863,dwarf,A,11.45,61.75,54V0K,medium,2.06,gas,moderate,0.9147563171546309,97,10,true,true
XEN3U,43.61,733.11,39194,supergiant,K,5.11,91.19,7U67M,large,2.34,ice,thin,0.5367043258010435,123,9,false,false
G4MBG,30.38,616.19,43302,dwarf,F,4.62,55.74,AF0XG,medium,4.33,ice,dense,0.6018431187300741,455,1,true,false
G4MBG,30.38,616.19,43302,dwarf,F,4.62,55.74,NM145,medium,2.28,gas,dense,0.31081647202083507,-165,5,false,true
G4MBG,30.38,616.19,43302,dwarf,F,4.62,55.74,2Y1N6,large,0.48,rocky,dense,0.4988356431831802,257,9,true,true
G4MBG,30.38,616.19,43302,dwarf,F,4.62,55.74,A0EOH,large,2.23,ice,dense,0.7252099019714335,4,10,true,true
G4MBG,30.38,616.19,43302,dwarf,F,4.62,55.74,4VN26,large,1.5,ice,moderate,0.7806461836828174,-166,3,false,false
G4MBG,30.38,616.19,43302,dwarf,F,4.62,55.74,WP2CW,large,1.97,rocky,thin,0.26479763966571546,122,3,true,false
G4MBG,30.38,616.19,43302,dwarf,F,4.62,55.74,PX53A,large,2.6,rocky,moderate,0.3763351711748242,86,9,false,true
9OXH9,49.72,525.8,14540,supergiant,M,8.4,63.75,2KU86,small,4.29,rocky,moderate,0.642206358892119,80,2,false,false
9OXH9,49.72,525.8,14540,supergiant,M,8.4,63.75,JUERE,large,2.27,rocky,dense,0.4971287714400243,494,1,true,false
9OXH9,49.72,525.8,14540,supergiant,M,8.4,63.75,UUC9N,large,3.52,rocky,dense,0.4353716732694559,429,3,false,true
9OXH9,49.72,525.8,14540,supergiant,M,8.4,63.75,AO52U,large,0.95,gas,moderate,0.11445048959976445,361,4,false,false
9OXH9,49.72,525.8,14540,supergiant,M,8.4,63.75,WFPC0,medium,3.98,rocky,moderate,0.919679563618166,344,2,false,false
9OXH9,49.72,525.8,14540,supergiant,M,8.4,63.75,8Q865,small,2.53,gas,thin,0.33993629459224195,44,6,false,true
9OXH9,49.72,525.8,14540,supergiant,M,8.4,63.75,28KCP,small,0.06,rocky,moderate,0.5328642131529828,296,6,false,true
9OXH9,49.72,525.8,14540,supergiant,M,8.4,63.75,TNLP7,small,2.87,rocky,dense,0.3173883022672992,4,4,true,false
9OXH9,49.72,525.8,14540,supergiant,M,8.4,63.75,6XROF,large,3.15,ice,dense,0.3496820220517387,179,6,false,true
JVHWK,0.31,628.68,25355,dwarf,B,0.82,65.63,WIS21,small,3.73,ice,dense,0.17297426471725408,-88,6,false,false
P2ZY4,13.99,20.1,19941,supergiant,A,9.44,35.59,O5ECB,medium,4.68,gas,dense,0.21985267272690878,367,3,false,true
P2ZY4,13.99,20.1,19941,supergiant,A,9.44,35.59,YNOLG,small,2.97,rocky,dense,0.002063316000125326,377,4,true,true
P2ZY4,13.99,20.1,19941,supergiant,A,9.44,35.59,5IZBJ,large,1.31,ice,thin,0.12746135153535398,422,7,false,false
P2ZY4,13.99,20.1,19941,supergiant,A,9.44,35.59,KQUN9,large,0.52,ice,dense,0.7869542020760236,107,1,true,false
P2ZY4,13.99,20.1,19941,supergiant,A,9.44,35.59,84PAF,small,4.92,rocky,moderate,0.17725964149342088,377,9,true,false
BIVTE,46.86,646.81,35060,dwarf,B,13.71,49.88,DXJU1,medium,3.36,ice,thin,0.41783354795603245,239,10,false,false
BIVTE,46.86,646.81,35060,dwarf,B,13.71,49.88,TTT05,large,2.37,ice,dense,0.17692990406415787,-184,3,true,true
BIVTE,46.86,646.81,35060,dwarf,B,13.71,49.88,KYLN5,medium,0.37,rocky,moderate,0.5597334680187629,-196,9,false,false
BIVTE,46.86,646.81,35060,dwarf,B,13.71,49.88,O19LZ,large,3.88,ice,moderate,0.42762498722314923,445,5,true,true
BIVTE,46.86,646.81,35060,dwarf,B,13.71,49.88,YFK0F,large,4.51,ice,moderate,0.9127254744587738,-28,10,true,true
BIVTE,46.86,646.81,35060,dwarf,B,13.71,49.88,8ECR7,medium,0.81,rocky,moderate,0.7794415434395208,385,1,true,true
ZJGP6,38.78,198.87,2113,medium,M,9.1,66.85,2B6DQ,large,3.58,gas,moderate,0.34558879161086975,67,9,true,false
30NP6,12.37,106.71,49097,supergiant,B,10.91,51.73,PPTXQ,medium,4.81,rocky,thin,0.010260581112128131,273,6,true,true
6WJNS,11.06,919.92,49819,giant,A,3.33,53.34,WURA2,large,1.87,ice,dense,0.8930935114501142,89,6,true,true
6WJNS,11.06,919.92,49819,giant,A,3.33,53.34,QGUY6,small,2.53,gas,thin,0.46698181578724784,349,4,true,true
6WJNS,11.06,919.92,49819,giant,A,3.33,53.34,F6O6I,small,4.83,ice,moderate,0.23831669597147642,124,2,true,false
6WJNS,11.06,919.92,49819,giant,A,3.33,53.34,5JTA9,large,0.76,ice,moderate,0.6151222709968709,425,9,false,true
WZUEB,2.28,961.26,26272,medium,O,12.79,98.21,1KP1M,large,2.77,rocky,moderate,0.5799009681801994,124,3,false,true
WZUEB,2.28,961.26,26272,medium,O,12.79,98.21,R3T60,large,1.98,ice,thin,0.23737210901799366,472,5,false,true
WZUEB,2.28,961.26,26272,medium,O,12.79,98.21,9IFK8,small,1.4,rocky,moderate,0.8245791242320388,420,7,true,false
2WPNE,28.58,744.13,2173,supergiant,K,11.48,76.32,8P36H,large,0.72,ice,moderate,0.264635973885172,470,4,false,false
2WPNE,28.58,744.13,2173,supergiant,K,11.48,76.32,2QFHY,small,0.17,rocky,moderate,0.5932258428993269,-17,9,true,true
2WPNE,28.58,744.13,2173,supergiant,K,11.48,76.32,TZ4TC,small,3.47,rocky,moderate,0.21298175834953548,126,7,false,false
2WPNE,28.58,744.13,2173,supergiant,K,11.48,76.32,LNSFF,medium,0.05,gas,moderate,0.6191412246209849,243,2,true,false
2WPNE,28.58,744.13,2173,supergiant,K,11.48,76.32,DK2QF,medium,3.1,gas,dense,0.6269350115185905,-33,1,false,false
2WPNE,28.58,744.13,2173,supergiant,K,11.48,76.32,AQH1L,large,3.35,ice,moderate,0.43730810320254276,172,0,true,false
2WPNE,28.58,744.13,2173,supergiant,K,11.48,76.32,FARUC,large,0.58,ice,dense,0.10332622976992689,286,6,false,true
2WPNE,28.58,744.13,2173,supergiant,K,11.48,76.32,543XH,large,4.66,rocky,dense,0.8963572474993546,41,6,true,true
2WPNE,28.58,744.13,2173,supergiant,K,11.48,76.32,ZGAAX,large,2.16,gas,thin,0.8414728340369393,450,5,false,false
9WXHM,19.2,518.81,27285,supergiant,G,0.72,80.18,FZCZR,medium,3.57,rocky,moderate,0.3918765856890307,-179,6,false,false
9WXHM,19.2,518.81,27285,supergiant,G,0.72,80.18,QXQ00,small,2.2,gas,dense,0.9170539585395179,400,1,true,true
9WXHM,19.2,518.81,27285,supergiant,G,0.72,80.18,1X921,medium,3.62,gas,moderate,0.5645684143205567,113,3,false,false
9WXHM,19.2,518.81,27285,supergiant,G,0.72,80.18,QV0XI,large,3.84,rocky,dense,0.1608245449557626,208,5,false,true
9WXHM,19.2,518.81,27285,supergiant,G,0.72,80.18,FPYRF,medium,4.94,ice,moderate,0.9405357938355314,291,6,false,true
SDHQJ,13.42,925.19,29908,supergiant,A,4.27,5.12,18WUC,small,2.67,ice,thin,0.8240756239095657,385,10,false,true
SDHQJ,13.42,925.19,29908,supergiant,A,4.27,5.12,W6XXU,small,4.05,ice,moderate,0.42344370607429016,-113,9,false,true
SDHQJ,13.42,925.19,29908,supergiant,A,4.27,5.12,VJL25,medium,4.43,ice,thin,0.946251100335054,-157,6,false,true
SDHQJ,13.42,925.19,29908,supergiant,A,4.27,5.12,0S12C,large,0.74,gas,thin,0.7511091008200155,125,7,true,true
SDHQJ,13.42,925.19,29908,supergiant,A,4.27,5.12,JJPG6,small,3.77,gas,thin,0.4339287344628644,404,2,false,false
EYKVW,22.58,84.6,34419,dwarf,M,11.9,2.01,IS6M5,medium,3.61,ice,moderate,0.3215642466361224,162,7,true,false
EYKVW,22.58,84.6,34419,dwarf,M,11.9,2.01,0VPRN,medium,0.12,rocky,moderate,0.5752164563561026,206,0,true,false
EYKVW,22.58,84.6,34419,dwarf,M,11.9,2.01,UXG9R,small,4.98,ice,dense,0.47871820503333273,141,2,false,true
F9GSL,32.76,780.63,12046,giant,M,6.47,99.47,IRA5N,large,3.84,ice,dense,0.7896851235791473,-2,6,true,false
F9GSL,32.76,780.63,12046,giant,M,6.47,99.47,3W3EV,medium,3.95,ice,moderate,0.37593762281372567,50,7,false,false
F9GSL,32.76,780.63,12046,giant,M,6.47,99.47,SSQXM,small,3.75,gas,dense,0.9347016081639294,147,5,false,false
F9GSL,32.76,780.63,12046,giant,M,6.47,99.47,OYOWZ,small,4.54,rocky,thin,0.09558007707019445,432,5,true,false
F9GSL,32.76,780.63,12046,giant,M,6.47,99.47,RKPMB,small,0.09,ice,thin,0.3220475880303044,454,5,true,false
F9GSL,32.76,780.63,12046,giant,M,6.47,99.47,IOJKJ,medium,1.16,rocky,dense,0.7451089533386368,-108,3,true,false
0VXUP,42.39,530.28,15351,giant,M,6.88,94.07,VKZ1H,small,4.15,gas,thin,0.4032520566051794,-83,10,true,false
0VXUP,42.39,530.28,15351,giant,M,6.88,94.07,JQWZU,large,4.21,ice,dense,0.24970235194373824,73,10,false,true
0VXUP,42.39,530.28,15351,giant,M,6.88,94.07,I45ZB,small,1.14,ice,thin,0.2882797746373562,496,8,true,true
0VXUP,42.39,530.28,15351,giant,M,6.88,94.07,OBV49,small,1.12,ice,moderate,0.29512721611032333,3,8,false,false
0VXUP,42.39,530.28,15351,giant,M,6.88,94.07,64JQL,medium,4.11,gas,moderate,0.1223066225924403,59,0,true,false
0VXUP,42.39,530.28,15351,giant,M,6.88,94.07,TF7CW,large,2.97,ice,dense,0.3960987402796621,392,10,true,false
0VXUP,42.39,530.28,15351,giant,M,6.88,94.07,YRY6U,medium,2.1,rocky,dense,0.22629693449539645,105,3,false,false
IATS0,45.51,915.55,29491,giant,O,10.65,98.09,DGHB5,large,2.43,ice,moderate,0.5096080712793996,-111,8,true,false
IATS0,45.51,915.55,29491,giant,O,10.65,98.09,9ARN3,small,4.56,ice,thin,0.11976007307835546,451,3,false,false
IATS0,45.51,915.55,29491,giant,O,10.65,98.09,53OGY,large,1.44,rocky,dense,0.9640434698465117,-139,1,true,true
IATS0,45.51,915.55,29491,giant,O,10.65,98.09,0GW36,medium,1.37,ice,dense,0.2922497886973694,14,0,false,true
IATS0,45.51,915.55,29491,giant,O,10.65,98.09,MJTRP,small,1.69,gas,thin,0.051379855449960266,-180,0,true,false
I1A5A,18.77,895.95,33052,medium,O,11.57,13.34,HI7IY,small,2.9,rocky,moderate,0.6865764334979025,-127,2,false,false
I1A5A,18.77,895.95,33052,medium,O,11.57,13.34,9V41A,large,0.72,rocky,moderate,0.04690804583692931,75,1,false,false
I1A5A,18.77,895.95,33052,medium,O,11.57,13.34,Y4DKH,small,4.5,gas,moderate,0.5781248517651092,115,8,true,true
I1A5A,18.77,895.95,33052,medium,O,11.57,13.34,XUU9R,large,2.79,gas,moderate,0.06957539056619333,328,10,true,false
I1A5A,18.77,895.95,33052,medium,O,11.57,13.34,5R43W,large,3.69,rocky,dense,0.28423825596597374,311,0,false,false
I1A5A,18.77,895.95,33052,medium,O,11.57,13.34,B38XN,medium,1.88,gas,dense,0.5620428811314615,165,1,true,false
D5U3V,10.44,291.43,44777,medium,M,6.92,51.47,E64LD,small,3.46,ice,dense,0.5267942859339756,148,10,true,true
D5U3V,10.44,291.43,44777,medium,M,6.92,51.47,EYSO8,small,0.19,ice,thin,0.3030120436532495,121,5,false,false
D5U3V,10.44,291.43,44777,medium,M,6.92,51.47,DXK51,large,3.46,rocky,dense,0.38906649477885025,224,8,true,false
D5U3V,10.44,291.43,44777,medium,M,6.92,51.47,EEDWP,small,0.76,rocky,dense,0.332578095113774,181,0,false,true
D5U3V,10.44,291.43,44777,medium,M,6.92,51.47,8JVD7,large,0.87,ice,dense,0.4732940086782047,217,2,true,false
097EW,32.53,33.87,7347,medium,B,9.44,55.34,K2223,small,4.73,ice,dense,0.1281782425983049,35,7,true,false
097EW,32.53,33.87,7347,medium,B,9.44,55.34,ZU2C6,large,2.5,gas,thin,0.8873490749483288,69,8,false,false
097EW,32.53,33.87,7347,medium,B,9.44,55.34,IQ0XK,medium,1.12,gas,dense,0.8717311638858609,-22,6,true,true
58Q32,41.23,402.84,6933,dwarf,A,4.08,44.53,U0CL6,large,4.56,gas,moderate,0.9719371461933843,-35,8,true,true
58Q32,41.23,402.84,6933,dwarf,A,4.08,44.53,00W6D,medium,4.49,ice,thin,0.5514475015595479,458,0,false,true
58Q32,41.23,402.84,6933,dwarf,A,4.08,44.53,0PGMZ,large,0.64,rocky,dense,0.974988077954257,-20,4,false,true
58Q32,41.23,402.84,6933,dwarf,A,4.08,44.53,YG70F,medium,0.98,ice,dense,0.07316916781380756,173,8,false,true
58Q32,41.23,402.84,6933,dwarf,A,4.08,44.53,HQCKU,medium,1.2,ice,dense,0.9315621453568901,245,3,false,true
58Q32,41.23,402.84,6933,dwarf,A,4.08,44.53,GH7GO,large,4.37,gas,thin,0.1658647497226342,456,9,false,true
58Q32,41.23,402.84,6933,dwarf,A,4.08,44.53,L82SR,medium,0.42,gas,moderate,0.603965021920307,-114,6,true,true
ZJ6XB,40.84,193.66,2785,medium,K,3.2,55.4,29VQ3,large,1,ice,thin,0.8866627632644875,-57,3,true,true
ZJ6XB,40.84,193.66,2785,medium,K,3.2,55.4,0QKPJ,small,4.57,rocky,moderate,0.6558094157189729,34,2,false,true
ZJ6XB,40.84,193.66,2785,medium,K,3.2,55.4,9WTAY,large,2.03,gas,moderate,0.47117163485831925,-188,4,true,false
ZJ6XB,40.84,193.66,2785,medium,K,3.2,55.4,3Y725,large,0.85,ice,moderate,0.02702354481215119,496,10,true,true
ZJ6XB,40.84,193.66,2785,medium,K,3.2,55.4,9Q337,small,2.61,rocky,dense,0.20463732090018638,88,7,false,true
ZJ6XB,40.84,193.66,2785,medium,K,3.2,55.4,2VEFH,large,1,rocky,moderate,0.02339933934821148,407,6,false,false
ILLN5,16.97,831.34,22654,medium,G,1.28,17.82,D2KJ0,medium,0.95,gas,dense,0.4785167626824529,415,1,false,false
ILLN5,16.97,831.34,22654,medium,G,1.28,17.82,IGK8B,small,4.74,rocky,thin,0.5855126891550535,140,2,false,false
ILLN5,16.97,831.34,22654,medium,G,1.28,17.82,IYR9E,large,3.19,ice,dense,0.5448356637569225,375,3,true,false
ILLN5,16.97,831.34,22654,medium,G,1.28,17.82,0WORQ,large,4.09,rocky,moderate,0.6649407436340975,398,1,false,false
ILLN5,16.97,831.34,22654,medium,G,1.28,17.82,1JEHZ,medium,1.62,ice,dense,0.10502080181551277,284,0,false,true
ILLN5,16.97,831.34,22654,medium,G,1.28,17.82,JGJF9,small,3.66,ice,thin,0.8459913114315831,-172,4,true,false
9TYTP,29.46,134.14,21725,supergiant,K,13.8,82.53,30HXT,small,0.5,rocky,dense,0.494087535863019,334,8,true,false
9TYTP,29.46,134.14,21725,supergiant,K,13.8,82.53,J1Y4O,small,4.79,rocky,dense,0.7056643516338055,-69,3,true,true
9TYTP,29.46,134.14,21725,supergiant,K,13.8,82.53,H18SN,small,3.49,ice,dense,0.29517887014247646,-31,8,true,false
9TYTP,29.46,134.14,21725,supergiant,K,13.8,82.53,LPF7O,medium,3.96,rocky,thin,0.46589419162108126,-113,10,true,true
9TYTP,29.46,134.14,21725,supergiant,K,13.8,82.53,CEKTN,medium,3.19,ice,thin,0.2819651724163652,-64,10,true,false
9TYTP,29.46,134.14,21725,supergiant,K,13.8,82.53,N16XJ,medium,4.16,rocky,dense,0.15089619930662712,167,2,true,true
9TYTP,29.46,134.14,21725,supergiant,K,13.8,82.53,Y0P9P,large,2.74,ice,dense,0.2207465690677668,277,4,false,false
9TYTP,29.46,134.14,21725,supergiant,K,13.8,82.53,GDTYF,medium,4.51,ice,moderate,0.18350170133544452,-2,3,true,false
9TYTP,29.46,134.14,21725,supergiant,K,13.8,82.53,E11EZ,medium,1.61,rocky,moderate,0.7798920937398399,303,4,true,true
H15OW,15.09,122.37,33321,medium,F,3.12,27.83,PA758,large,1.47,ice,thin,0.8658989149125398,68,1,true,false
H15OW,15.09,122.37,33321,medium,F,3.12,27.83,4ZZLH,large,2.15,gas,thin,0.455306558264267,163,10,false,false
4DX84,29.62,342.21,40176,supergiant,O,10.78,11.94,53Z1F,large,2.01,ice,thin,0.24263902070730925,337,9,true,true
4DX84,29.62,342.21,40176,supergiant,O,10.78,11.94,PD1J0,large,1.24,ice,moderate,0.3788138984243832,46,0,false,false
4DX84,29.62,342.21,40176,supergiant,O,10.78,11.94,W2EPZ,small,0.23,ice,thin,0.6740226969112075,-87,4,false,false
